Sampling Technique,Model,Accuracy
Sampling1,M1,1.0
Sampling3,M2,0.7068965517241379
Sampling1,M3,0.9741379310344828
Sampling2,M4,1.0
Sampling1,M5,0.9655172413793104
